latitude;longitude;altitude;speed;course;date;time;satellites
-24,722280;-53,756626;0.0;0.0;0.0;260721;10190100;0
-24,722312;-53,756622;1836.0;0.2;0.0;260721;10191100;5
-24,722318;-53,756618;1835.0;0.3;0.0;260721;10192100;6
-24,722337;-53,756584;1835.0;0.4;0.0;260721;10193100;6
-24,722322;-53,756587;1822.8;0.1;312.8;260721;10194100;6
-24,722328;-53,756572;1819.9;0.7;34.2;260721;10195100;7
-24,722324;-53,756584;1814.6;0.6;34.2;260721;10200200;7
-24,722324;-53,756595;1811.7;0.2;34.2;260721;10201200;7
-24,722322;-53,756614;1814.0;0.1;34.2;260721;10202200;7
-24,722307;-53,756633;1810.4;0.7;34.2;260721;10203200;7
-24,722299;-53,756637;1807.1;0.1;34.2;260721;10204200;7
-24,722295;-53,756641;1810.0;0.3;349.1;260721;10205200;7
-24,722297;-53,756633;1811.7;0.1;349.1;260721;10210300;7
-24,722324;-53,756618;1809.7;0.6;349.1;260721;10211300;7
-24,722324;-53,756626;1804.5;0.1;349.1;260721;10212300;7
-24,722326;-53,756599;1807.7;3.3;38.0;260721;10213300;7
-24,722269;-53,756496;1805.1;4.0;29.1;260721;10214300;7
-24,722051;-53,756374;1801.5;5.1;14.8;260721;10215300;7
-24,722066;-53,756580;1814.6;11.2;245.8;260721;10220400;7
-24,722185;-53,757408;1772.3;24.7;266.8;260721;10221400;6
-24,722070;-53,758670;1805.8;25.7;273.0;260721;10222400;7
-24,721984;-53,759895;1836.3;27.3;271.0;260721;10223400;7
-24,721939;-53,760749;1853.7;1.2;279.5;260721;10224400;7
-24,721437;-53,760921;1862.2;23.0;347.8;260721;10225400;7
-24,720275;-53,761230;1856.0;22.2;348.7;260721;10230500;6
-24,720008;-53,761287;1865.5;3.4;358.6;260721;10231500;7
-24,719718;-53,761444;1871.4;11.6;269.5;260721;10232500;6
-24,720277;-53,761325;1863.5;19.5;165.9;260721;10233500;6
-24,720762;-53,761425;1864.8;10.8;261.8;260721;10234500;7
-24,720716;-53,762424;1863.2;27.5;274.8;260721;10235500;7
-24,720703;-53,763793;1849.7;27.6;271.2;260721;10240600;7
-24,720676;-53,765014;1818.2;27.1;271.0;260721;10241600;7
-24,720659;-53,766201;1782.2;25.7;272.6;260721;10242600;6
-24,720657;-53,766532;1799.5;4.6;62.1;260721;10243600;7
-24,720619;-53,766521;1837.6;0.1;68.4;260721;10244600;7
-24,720621;-53,766540;1868.4;0.2;68.4;260721;10245700;7
-24,720624;-53,766563;1893.0;0.1;68.4;260721;10250700;7
-24,720647;-53,766582;1900.9;2.1;331.9;260721;10251700;7
-24,720630;-53,766761;1894.4;6.6;283.7;260721;10252700;8
-24,720701;-53,767131;1878.3;11.1;263.7;260721;10253700;8
-24,720733;-53,767848;1833.3;19.0;265.3;260721;10254700;8
-24,720750;-53,768871;1785.4;25.3;269.5;260721;10255700;8
-24,720502;-53,769565;1794.3;15.7;346.9;260721;10260800;8
-24,719703;-53,769836;1792.7;22.5;341.1;260721;10261800;8
-24,718627;-53,770187;1776.2;27.6;347.2;260721;10262800;7
-24,717695;-53,770401;1773.6;9.0;26.4;260721;10263800;8
-24,717639;-53,770252;1790.7;0.1;90.0;260721;10264800;8
-24,717599;-53,770240;1793.0;0.0;90.0;260721;10265900;8
-24,717597;-53,770183;1788.1;5.1;96.5;260721;10270900;8
-24,717601;-53,770023;1783.1;1.9;114.8;260721;10271900;8
-24,717601;-53,769866;1786.7;0.6;93.3;260721;10272900;8
-24,717597;-53,769710;1795.9;6.9;91.5;260721;10273900;9
-24,717592;-53,769443;1800.9;2.5;92.1;260721;10274900;9
-24,717575;-53,769412;1809.1;0.1;92.1;260721;10280000;9
-24,717573;-53,769271;1813.3;2.7;93.5;260721;10281000;9
-24,717576;-53,769229;1815.9;0.0;99.2;260721;10282000;9
-24,717573;-53,769088;1817.3;9.2;90.1;260721;10283000;10
-24,717565;-53,768516;1822.8;1.9;91.1;260721;10284000;9
-24,717563;-53,768505;1836.0;0.0;91.1;260721;10285000;10
-24,717586;-53,768268;1843.8;5.4;99.9;260721;10290000;8
-24,717603;-53,768157;1845.1;2.9;71.8;260721;10291000;9
-24,717678;-53,768207;1857.6;6.9;192.1;260721;10292000;10
-24,718002;-53,768188;1867.1;9.2;179.6;260721;10293000;10
-24,718379;-53,768196;1865.2;9.2;182.3;260721;10294000;9
-24,718578;-53,768196;1865.5;0.0;182.0;260721;10295000;10
-24,718591;-53,768184;1855.6;0.6;109.4;260721;10300100;10
-24,718570;-53,768184;1861.9;0.1;14.6;260721;10301100;10
-24,718431;-53,768180;1857.6;0.8;2.0;260721;10302100;9
-24,718311;-53,768180;1846.1;4.6;0.5;260721;10303100;10
-24,718177;-53,768196;1843.8;8.2;0.5;260721;10304100;10
-24,718036;-53,768203;1840.2;0.0;1.6;260721;10305200;10
-24,718013;-53,768203;1846.5;0.7;359.3;260721;10310200;11
-24,717775;-53,768207;1837.9;4.8;3.2;260721;10311200;11
-24,717754;-53,768199;1836.0;0.0;7.5;260721;10312200;10
-24,717710;-53,768199;1832.3;5.0;354.0;260721;10313200;11
-24,717597;-53,768035;1827.1;0.4;86.3;260721;10314200;11
-24,717592;-53,768024;1829.4;0.0;86.3;260721;10315300;11
-24,717601;-53,767944;1830.1;7.1;94.8;260721;10320300;11
-24,717603;-53,767631;1831.0;0.0;88.1;260721;10321300;11
-24,717603;-53,767528;1834.6;6.2;86.4;260721;10322300;11
-24,717597;-53,767345;1837.9;6.3;254.0;260721;10323300;11
-24,717979;-53,767337;1838.9;9.0;177.0;260721;10324400;10
-24,718349;-53,767349;1853.3;9.3;180.4;260721;10325400;11
-24,718610;-53,767353;1859.6;3.0;302.6;260721;10330400;11
-24,718494;-53,767364;1861.2;0.2;7.1;260721;10331400;11
-24,718482;-53,767372;1862.9;0.1;7.1;260721;10332400;11
-24,718479;-53,767379;1866.5;0.0;7.1;260721;10333400;11
-24,718475;-53,767379;1868.8;0.1;7.1;260721;10334500;11
-24,718469;-53,767368;1863.5;0.7;10.5;260721;10335500;11
-24,718242;-53,767349;1856.0;6.7;4.9;260721;10340500;11
-24,718130;-53,767330;1848.8;0.0;17.7;260721;10341500;11
-24,718112;-53,767326;1856.0;0.1;17.7;260721;10342500;11
-24,718105;-53,767322;1862.2;0.2;17.7;260721;10343600;10
-24,718103;-53,767318;1858.3;0.1;17.7;260721;10344600;11
-24,718105;-53,767314;1858.9;0.4;17.7;260721;10345600;10
-24,718103;-53,767314;1861.2;0.3;17.7;260721;10350600;10
-24,718107;-53,767314;1857.6;0.1;17.7;260721;10351600;9
-24,718105;-53,767307;1856.6;0.0;17.7;260721;10352600;11
-24,718078;-53,767318;1859.6;1.9;1.2;260721;10353700;11
-24,717658;-53,767288;1847.8;9.7;13.1;260721;10354700;11
-24,717594;-53,766845;1849.4;6.9;91.4;260721;10355700;9
-24,717622;-53,766464;1838.9;0.0;94.0;260721;10360700;11
-24,717645;-53,766517;1850.7;6.4;206.3;260721;10361700;11
-24,717971;-53,766506;1864.2;8.3;173.9;260721;10362700;11
-24,718347;-53,766479;1882.9;8.5;177.0;260721;10363800;11
-24,718492;-53,766490;1884.2;1.2;4.6;260721;10364800;10
-24,718498;-53,766510;1884.5;0.0;4.6;260721;10365800;11
-24,718509;-53,766517;1881.2;0.1;4.6;260721;10370800;10
-24,718517;-53,766517;1878.0;0.3;4.6;260721;10371800;9
-24,718027;-53,766498;1871.7;3.6;358.0;260721;10372900;8
-24,718000;-53,766498;1875.3;0.0;358.7;260721;10373900;10
-24,717998;-53,766494;1875.3;0.3;358.7;260721;10374900;11
-24,717781;-53,766487;1867.8;5.8;7.3;260721;10375900;9
-24,717662;-53,766479;1862.2;1.9;9.7;260721;10380900;10
-24,717617;-53,766471;1868.1;0.0;40.5;260721;10381900;11
-24,717597;-53,766391;1860.2;2.5;84.4;260721;10383000;11
-24,717590;-53,765995;1849.7;10.6;85.6;260721;10384000;11
-24,717590;-53,765914;1845.1;0.0;83.9;260721;10385000;10
-24,717599;-53,765903;1844.5;0.0;83.9;260721;10390000;11
-24,717607;-53,765876;1848.4;0.1;83.9;260721;10391000;12
-24,717615;-53,765853;1854.0;0.0;83.9;260721;10392100;11
-24,717611;-53,765682;1853.7;10.6;91.8;260721;10393100;12
-24,717657;-53,765659;1866.1;5.5;194.4;260721;10394100;12
-24,717983;-53,765647;1886.5;9.3;181.9;260721;10395100;11
-24,718372;-53,765651;1891.7;9.4;179.2;260721;10400100;11
-24,718578;-53,765659;1892.1;0.0;178.0;260721;10401200;12
-24,718570;-53,765663;1891.7;1.0;54.1;260721;10402200;10
-24,718332;-53,765655;1886.5;3.1;1.3;260721;10403200;12
-24,718255;-53,765666;1885.5;5.3;0.5;260721;10404200;11
-24,718101;-53,765663;1882.2;1.2;2.6;260721;10405200;10
-24,718025;-53,765663;1890.1;1.7;1.3;260721;10410300;10
-24,717952;-53,765663;1890.7;4.6;359.4;260721;10411300;10
-24,717645;-53,765617;1864.8;7.3;55.4;260721;10412300;10
-24,717664;-53,764846;1864.8;15.4;94.8;260721;10413300;11
-24,717742;-53,764839;1870.7;4.2;185.5;260721;10414300;11
-24,717973;-53,764823;1896.0;9.3;180.0;260721;10415400;10
-24,718353;-53,764823;1901.6;9.4;182.0;260721;10420400;11
-24,718656;-53,764823;1895.0;0.2;174.1;260721;10421400;11
-24,718608;-53,764823;1890.4;3.5;1.0;260721;10422400;11
-24,718465;-53,764801;1885.2;3.7;6.1;260721;10423400;10
-24,718379;-53,764801;1886.2;1.7;2.0;260721;10424500;9
-24,718305;-53,764801;1889.4;1.2;0.2;260721;10425500;11
-24,718204;-53,764789;1878.6;5.1;3.0;260721;10430500;8
-24,718030;-53,764804;1879.3;3.0;357.7;260721;10431500;10
-24,717971;-53,764797;1881.2;0.0;0.0;260721;10432500;11
-24,717861;-53,764797;1874.3;0.2;356.0;260721;10433600;11
-24,717803;-53,764789;1873.7;3.9;347.5;260721;10434600;9
-24,717731;-53,764781;1872.4;3.5;358.6;260721;10435600;11
-24,717641;-53,764537;1866.8;13.0;92.3;260721;10440600;10
-24,717647;-53,764282;1868.4;0.1;88.2;260721;10441600;11
-24,717660;-53,764266;1863.8;0.1;88.2;260721;10442700;11
-24,717658;-53,764259;1869.1;0.2;88.2;260721;10443700;11
-24,717662;-53,764205;1864.8;4.7;73.4;260721;10444700;11
-24,717668;-53,763935;1867.1;0.1;91.9;260721;10445700;11
-24,717660;-53,763935;1874.0;2.1;76.0;260721;10450700;11
-24,717672;-53,763965;1882.2;7.0;217.6;260721;10451800;10
-24,718021;-53,763980;1882.5;9.0;179.8;260721;10452800;8
-24,718357;-53,763984;1886.2;8.3;179.7;260721;10453800;9
-24,718608;-53,764003;1888.1;5.2;185.1;260721;10454800;11
-24,718692;-53,763999;1887.5;0.0;181.6;260721;10455800;11
-24,718717;-53,763984;1877.3;0.1;181.6;260721;10460900;11
-24,718606;-53,763984;1877.3;4.2;7.1;260721;10461900;11
-24,718511;-53,763969;1880.9;1.4;5.6;260721;10462900;8
-24,718383;-53,763965;1885.5;4.4;3.1;260721;10463900;10
-24,718189;-53,763957;1886.5;3.1;356.9;260721;10464900;10
-24,718139;-53,763961;1890.4;2.5;1.5;260721;10470000;11
-24,718059;-53,763954;1891.1;0.1;357.4;260721;10471000;9
-24,718050;-53,763946;1890.1;0.3;357.4;260721;10472000;9
-24,718046;-53,763931;1885.2;0.1;357.4;260721;10473000;9
-24,718042;-53,763935;1883.9;0.1;357.4;260721;10474000;10
-24,718038;-53,763935;1880.2;0.3;357.4;260721;10475100;10
-24,718040;-53,763935;1877.6;0.0;357.4;260721;10480100;10
-24,718042;-53,763923;1874.3;0.0;357.4;260721;10481100;10
-24,718040;-53,763908;1873.0;0.2;357.4;260721;10482100;10
-24,718044;-53,763904;1868.8;0.1;357.4;260721;10483100;11
-24,717756;-53,763919;1880.9;19.0;3.1;260721;10484200;11
-24,717622;-53,763545;1877.0;2.5;86.9;260721;10485200;12
-24,717620;-53,763530;1896.3;0.0;90.8;260721;10490200;11
-24,717634;-53,763385;1900.3;4.6;85.2;260721;10491200;12
-24,717636;-53,763359;1894.4;0.2;85.3;260721;10492200;10
-24,717641;-53,763355;1892.1;0.0;146.6;260721;10493300;10
-24,717641;-53,763355;1894.7;0.0;146.6;260721;10494300;10
-24,717641;-53,763359;1896.7;0.0;146.6;260721;10495300;10
-24,717641;-53,763362;1898.0;0.1;146.6;260721;10500300;10
-24,717620;-53,763042;1901.6;9.0;81.0;260721;10501300;12
-24,717636;-53,762760;1897.3;0.1;86.4;260721;10502400;12
-24,717641;-53,762729;1895.7;0.9;86.4;260721;10503400;12
-24,717643;-53,762496;1895.0;10.1;89.1;260721;10504400;11
-24,717670;-53,762294;1884.2;0.3;97.8;260721;10505400;12
-24,717685;-53,762294;1891.1;0.1;97.8;260721;10510400;11
-24,717700;-53,762290;1898.3;0.0;97.8;260721;10511500;12
-24,717712;-53,762210;1905.2;3.9;91.7;260721;10512500;11
-24,717700;-53,762073;1893.7;0.0;88.1;260721;10513500;11
-24,717689;-53,762058;1889.8;3.0;90.9;260721;10514500;11
-24,717685;-53,762004;1887.8;0.0;93.5;260721;10515500;10
-24,717676;-53,761985;1884.5;0.0;93.5;260721;10520600;11
-24,717676;-53,761966;1881.9;0.1;102.5;260721;10521600;11
-24,717432;-53,761871;1879.6;16.4;346.2;260721;10522600;11
-24,716579;-53,762084;1863.5;13.8;347.8;260721;10523600;11
-24,716493;-53,762107;1864.5;0.0;334.3;260721;10524600;11
-24,716489;-53,762115;1860.2;0.1;334.3;260721;10525700;10
-24,716457;-53,762145;1859.6;4.2;323.2;260721;10530700;11
-24,716430;-53,762191;1878.3;0.1;320.4;260721;10531700;10
-24,716430;-53,762401;1893.7;10.1;270.9;260721;10532700;11
-24,716442;-53,763252;1893.0;18.9;266.0;260721;10533700;10
-24,716445;-53,763545;1898.3;0.1;269.6;260721;10534800;11
-24,716445;-53,763572;1889.4;0.1;269.6;260721;10535800;11
-24,716445;-53,763584;1883.9;0.0;269.6;260721;10540800;11
-24,716438;-53,763778;1898.3;1.1;276.2;260721;10541800;11
-24,716436;-53,763832;1892.1;6.0;266.8;260721;10542800;11
-24,716459;-53,764392;1871.1;15.1;270.4;260721;10543900;11
-24,716445;-53,765266;1862.9;18.8;270.2;260721;10544900;11
-24,716434;-53,766014;1859.9;7.4;269.4;260721;10545900;11
-24,716438;-53,766101;1863.2;0.3;267.7;260721;10550900;11
-24,716438;-53,766139;1862.5;0.0;269.8;260721;10551900;11
-24,716432;-53,766288;1862.5;1.0;268.6;260721;10553000;11
-24,716409;-53,766368;1864.2;0.6;276.2;260721;10554000;10
-24,716400;-53,766380;1868.4;0.0;276.2;260721;10555000;10
-24,716398;-53,766387;1866.1;0.0;276.2;260721;10560000;9
-24,716396;-53,766387;1859.3;0.1;276.2;260721;10561000;10
-24,716396;-53,766395;1861.5;0.1;276.2;260721;10562100;11
-24,716396;-53,766407;1866.1;0.0;276.2;260721;10563100;10
-24,716396;-53,766418;1873.0;0.0;276.2;260721;10564100;10
-24,716394;-53,766433;1875.7;1.6;263.4;260721;10565100;10
-24,716436;-53,766883;1867.8;17.2;269.5;260721;10570100;10
-24,716424;-53,767738;1850.1;17.1;271.0;260721;10571200;9
-24,716413;-53,768428;1837.6;2.8;272.3;260721;10572200;10
-24,716402;-53,768554;1834.0;2.9;274.7;260721;10573200;10
-24,716400;-53,768661;1843.5;0.1;270.8;260721;10574200;10
-24,716402;-53,768772;1857.6;4.0;264.3;260721;10575200;10
-24,716402;-53,769058;1829.7;17.1;271.0;260721;10580300;10
-24,716405;-53,769474;1814.6;0.0;270.0;260721;10581300;9
-24,716403;-53,769515;1815.0;0.9;271.7;260721;10582300;9
-24,716398;-53,769599;1815.0;3.6;271.5;260721;10583300;10
-24,716398;-53,769870;1804.8;0.0;268.6;260721;10584300;10
-24,716392;-53,769924;1801.5;3.3;266.7;260721;10585400;10
-24,716377;-53,770263;1790.4;10.7;272.2;260721;10590400;9
-24,716321;-53,770656;1776.6;7.2;323.7;260721;10591400;10
-24,715745;-53,770664;1772.6;13.9;6.9;260721;10592400;10
-24,715490;-53,770648;1773.6;0.3;3.6;260721;10593400;10
-24,715322;-53,770652;1784.1;10.6;1.2;260721;10594500;10
-24,715003;-53,770641;1778.9;3.0;0.6;260721;10595500;10
-24,714921;-53,770633;1778.2;6.3;358.0;260721;11000500;10
-24,714818;-53,770622;1782.2;0.1;359.0;260721;11001500;10
-24,714654;-53,770614;1780.5;1.8;7.1;260721;11002500;10
-24,714208;-53,770610;1778.5;13.9;3.9;260721;11003600;10
-24,714006;-53,770271;1787.1;8.6;89.6;260721;11004600;10
-24,713987;-53,770236;1791.7;0.2;88.0;260721;11005600;10
-24,713970;-53,770103;1791.3;10.0;83.6;260721;11010600;10
-24,713977;-53,769268;1795.3;24.7;91.1;260721;11011600;8
-24,714269;-53,768989;1810.4;1.2;182.4;260721;11012700;10
-24,714309;-53,768989;1815.6;0.6;185.3;260721;11013700;10
-24,714439;-53,769001;1815.0;10.1;181.8;260721;11014700;10
-24,714662;-53,768997;1824.1;0.0;177.1;260721;11015700;10
-24,714685;-53,768997;1831.7;3.6;177.2;260721;11020700;10
-24,715106;-53,769012;1823.8;4.5;181.4;260721;11021800;8
-24,715381;-53,769020;1825.5;0.4;176.5;260721;11022800;9
-24,715530;-53,769023;1824.5;11.1;178.2;260721;11023800;10
-24,715862;-53,769031;1829.1;0.7;179.1;260721;11024800;10
-24,715887;-53,769046;1836.9;2.6;177.7;260721;11025800;10
-24,716049;-53,769046;1836.0;5.3;181.4;260721;11030900;10
-24,716218;-53,769046;1837.6;8.7;178.5;260721;11031900;10
-24,716365;-53,769042;1840.9;6.4;177.7;260721;11032900;10
-24,716659;-53,769046;1831.7;0.8;177.9;260721;11033900;10
-24,716695;-53,769039;1824.1;0.1;177.9;260721;11034900;10
-24,716766;-53,769035;1818.2;3.6;180.3;260721;11040000;10
-24,717098;-53,769035;1820.5;9.3;184.2;260721;11041000;8
-24,717447;-53,769050;1811.7;11.1;178.8;260721;11042000;9
-24,718078;-53,769023;1811.0;11.9;179.2;260721;11043000;8
-24,718225;-53,769023;1831.7;0.1;181.6;260721;11044000;10
-24,718324;-53,769161;1828.4;0.8;36.0;260721;11045100;10
-24,718473;-53,769058;1828.4;8.8;174.7;260721;11050100;10
-24,718603;-53,769050;1833.3;0.0;176.6;260721;11051100;8
-24,718603;-53,769050;1830.1;0.1;176.6;260721;11052100;8
-24,718603;-53,769050;1829.1;0.0;176.6;260721;11053100;9
-24,718603;-53,769050;1830.7;0.1;176.6;260721;11054200;9
-24,718605;-53,769050;1834.6;0.1;176.6;260721;11055200;9
-24,718606;-53,769046;1837.9;0.0;176.6;260721;11060200;8
-24,718605;-53,769054;1841.2;0.1;176.6;260721;11061200;9
-24,718341;-53,769138;1830.4;12.3;303.6;260721;11062200;10
-24,718343;-53,769493;1816.6;0.0;268.2;260721;11063300;10
-24,718353;-53,769515;1818.2;1.9;268.0;260721;11064300;10
-24,718355;-53,769973;1796.6;17.5;269.7;260721;11065300;9
-24,718107;-53,770252;1786.1;18.4;353.0;260721;11070300;9
-24,717569;-53,770198;1783.1;12.0;95.9;260721;11071300;10
-24,717199;-53,769840;1790.4;11.9;0.2;260721;11072400;9
-24,717113;-53,769828;1801.2;0.1;3.0;260721;11073400;10
-24,717086;-53,769824;1815.0;0.3;3.0;260721;11074400;10
-24,716979;-53,769844;1820.2;0.0;359.9;260721;11075400;10
-24,716947;-53,769847;1823.5;0.2;359.9;260721;11080400;10
-24,716789;-53,769844;1819.9;8.4;2.6;260721;11081500;10
-24,716701;-53,769840;1818.9;2.1;1.7;260721;11082500;10
-24,716348;-53,769821;1810.0;10.3;359.3;260721;11083500;10
-24,715898;-53,769828;1804.8;1.0;359.9;260721;11084500;10
-24,715888;-53,769836;1807.4;0.0;359.9;260721;11085500;9
-24,715646;-53,769828;1799.2;1.7;0.3;260721;11090600;10
-24,715541;-53,769790;1786.7;6.9;10.8;260721;11091600;10
-24,715412;-53,769771;1781.8;1.3;355.1;260721;11092600;10
-24,715311;-53,769775;1784.1;6.9;4.2;260721;11093600;10
-24,714962;-53,769786;1793.3;11.4;0.9;260721;11094600;10
-24,714708;-53,769783;1794.0;0.0;0.8;260721;11095700;10
-24,714591;-53,769775;1795.3;5.6;2.5;260721;11100700;10
-24,714494;-53,769771;1799.5;2.4;2.9;260721;11101700;10
-24,714380;-53,769775;1798.9;5.7;0.1;260721;11102700;10
-24,714254;-53,769771;1792.3;0.0;5.6;260721;11103700;10
-24,714256;-53,769748;1782.5;0.3;5.6;260721;11104800;10
-24,713996;-53,769744;1776.9;7.7;356.5;260721;11105800;10
-24,713523;-53,769763;1767.1;11.6;1.1;260721;11110800;10
-24,713300;-53,769672;1770.7;8.5;94.7;260721;11111800;10
-24,713294;-53,769107;1802.5;15.5;89.5;260721;11112800;9
-24,713281;-53,768444;1809.1;11.2;91.7;260721;11113900;9
-24,713279;-53,768402;1805.1;0.0;91.1;260721;11114900;10
-24,713279;-53,768333;1807.1;5.3;88.8;260721;11115900;10
-24,713140;-53,768131;1813.6;9.1;1.2;260721;11120900;10
-24,712730;-53,768150;1812.3;8.2;323.9;260721;11121900;10
-24,712686;-53,768367;1802.5;0.6;269.6;260721;11123000;9
-24,712677;-53,768417;1801.8;2.9;270.0;260721;11124000;9
-24,712675;-53,768531;1801.8;2.1;270.8;260721;11125000;9
-24,712673;-53,768791;1797.2;6.7;270.7;260721;11130000;10
-24,712669;-53,768878;1802.2;0.6;272.8;260721;11131000;10
-24,712667;-53,769016;1797.2;1.1;268.1;260721;11132100;10
-24,712669;-53,769035;1808.1;0.1;268.1;260721;11133100;9
-24,712673;-53,769077;1813.3;0.9;268.0;260721;11134100;9
-24,712671;-53,769104;1820.5;0.9;268.0;260721;11135100;9
-24,712671;-53,769268;1811.7;4.7;276.4;260721;11140100;10
-24,712657;-53,769458;1800.9;1.5;271.5;260721;11141200;10
-24,712652;-53,769569;1797.9;5.8;270.4;260721;11142200;9
-24,712652;-53,769725;1790.7;0.2;270.0;260721;11143200;10
-24,712652;-53,769790;1792.0;4.3;269.9;260721;11144200;10
-24,712657;-53,770145;1774.0;10.1;276.1;260721;11145200;9
-24,712646;-53,770259;1769.4;0.8;284.9;260721;11150300;10
-24,712625;-53,770317;1766.1;0.1;271.5;260721;11151300;10
-24,712612;-53,770324;1767.4;0.0;271.5;260721;11152300;9
-24,712606;-53,770336;1770.3;0.1;271.5;260721;11153300;10
-24,712604;-53,770336;1769.7;0.1;271.5;260721;11154300;10
-24,712608;-53,770336;1771.0;0.0;271.5;260721;11155400;10
-24,712614;-53,770343;1774.3;0.1;271.5;260721;11160400;10
-24,712615;-53,770347;1775.6;0.1;271.5;260721;11161400;10
-24,712627;-53,770366;1774.9;2.3;243.2;260721;11162400;10
-24,712638;-53,770648;1759.8;9.4;268.2;260721;11163400;10
-24,712648;-53,770812;1753.9;0.0;272.3;260721;11164500;10
-24,712638;-53,770965;1751.0;1.9;271.0;260721;11165500;10
-24,712631;-53,771060;1747.0;0.9;266.2;260721;11170500;10
-24,712640;-53,771121;1753.0;0.1;270.5;260721;11171500;10
-24,712640;-53,771141;1765.4;0.0;270.5;260721;11172500;11
-24,712640;-53,771312;1760.2;0.1;268.1;260721;11173600;10
-24,712636;-53,771308;1755.9;0.0;268.1;260721;11174600;11
-24,712633;-53,771305;1753.0;0.1;268.1;260721;11175600;10
-24,712631;-53,771320;1754.6;0.9;269.4;260721;11180600;10
-24,712629;-53,771514;1729.7;4.1;271.6;260721;11181600;11
-24,712625;-53,771564;1733.9;1.3;272.7;260721;11182700;10
-24,712602;-53,771778;1732.3;7.0;302.0;260721;11183700;10
-24,712482;-53,771831;1747.7;0.0;352.4;260721;11184700;11
-24,712236;-53,771919;1749.7;14.5;342.9;260721;11185700;11
-24,712089;-53,771610;1746.4;5.0;90.2;260721;11190700;11
-24,712095;-53,771499;1751.6;3.2;93.1;260721;11191800;11
-24,712106;-53,771312;1752.0;1.8;91.0;260721;11192800;11
-24,712110;-53,771259;1744.1;0.2;88.3;260721;11193800;11
-24,712108;-53,771118;1734.6;2.9;89.3;260721;11194800;11
-24,712097;-53,771064;1737.9;0.6;87.0;260721;11195800;11
-24,712093;-53,770935;1746.1;5.0;90.6;260721;11200900;11
-24,712099;-53,770622;1756.6;6.5;96.6;260721;11201900;11
-24,712104;-53,770477;1765.1;0.1;88.5;260721;11202900;11
-24,712102;-53,770347;1761.8;1.1;80.8;260721;11203900;11
-24,712106;-53,770206;1760.5;0.3;90.5;260721;11204900;11
-24,712114;-53,770103;1764.8;3.5;93.3;260721;11210000;11
-24,712129;-53,769847;1772.0;5.7;89.0;260721;11211000;11
-24,712144;-53,769798;1787.7;0.0;87.7;260721;11212000;11
-24,712150;-53,769691;1790.0;0.6;95.0;260721;11213000;11
-24,712144;-53,769672;1791.3;0.0;95.0;260721;11214000;11
-24,712133;-53,769657;1787.1;0.0;95.0;260721;11215100;10
-24,712120;-53,769645;1782.8;0.0;95.0;260721;11220100;9
-24,712112;-53,769641;1777.9;0.1;95.0;260721;11221100;10
-24,712112;-53,769638;1771.7;0.0;95.0;260721;11222100;11
-24,712118;-53,769634;1768.0;0.1;95.0;260721;11223100;11
-24,712121;-53,769634;1768.7;0.1;95.0;260721;11224200;11
-24,712121;-53,769638;1774.0;0.0;95.0;260721;11225200;11
-24,712127;-53,769496;1780.5;9.4;89.9;260721;11230200;11
-24,712144;-53,769027;1787.7;5.8;90.5;260721;11231200;11
-24,712142;-53,768379;1799.9;17.3;89.6;260721;11232200;10
-24,711961;-53,768104;1814.0;10.2;359.5;260721;11233300;10
-24,711574;-53,768146;1816.6;7.0;311.2;260721;11234300;11
-24,711540;-53,768753;1811.4;13.2;281.5;260721;11235300;10
-24,711532;-53,769210;1794.3;13.0;276.5;260721;11240300;10
-24,711523;-53,769412;1804.5;0.1;267.4;260721;11241300;10
-24,711511;-53,769432;1818.9;0.1;267.4;260721;11242400;10
-24,711507;-53,769439;1829.1;0.1;267.4;260721;11243400;10
-24,711509;-53,769481;1826.4;2.8;272.1;260721;11244400;11
-24,711515;-53,769630;1815.0;3.0;270.6;260721;11245400;11
-24,711517;-53,769783;1805.4;1.2;267.3;260721;11250400;11
-24,711519;-53,769844;1803.8;3.2;269.9;260721;11251500;10
-24,711519;-53,769920;1798.2;3.2;269.0;260721;11252500;10
-24,711521;-53,770072;1792.3;0.0;271.1;260721;11253500;10
-24,711523;-53,770084;1795.9;0.1;271.1;260721;11254500;11
-24,711521;-53,770179;1794.9;5.9;270.3;260721;11255500;11
-24,711515;-53,770671;1772.0;12.9;269.6;260721;11260600;10
-24,711513;-53,770790;1775.6;0.1;270.0;260721;11261600;10
-24,711511;-53,770809;1778.5;0.0;270.0;260721;11262600;10
-24,711511;-53,770828;1775.6;1.4;268.0;260721;11263600;10
-24,711507;-53,770996;1775.9;0.8;267.7;260721;11264600;11
-24,711509;-53,771041;1789.4;3.4;267.3;260721;11265700;11
-24,711505;-53,771099;1794.3;0.7;267.7;260721;11270700;10
-24,711511;-53,771308;1788.7;6.5;263.3;260721;11271700;11
-24,711517;-53,771560;1759.2;6.3;264.6;260721;11272700;10
-24,711505;-53,771686;1748.0;0.2;270.0;260721;11273700;10
-24,711496;-53,771903;1740.2;10.7;268.2;260721;11274800;10
-24,711187;-53,772193;1736.9;16.4;343.7;260721;11275800;10
-24,710981;-53,771965;1744.8;6.3;88.4;260721;11280800;10
-24,710979;-53,771907;1730.0;0.0;89.0;260721;11281800;10
-24,710973;-53,771629;1736.2;11.1;88.9;260721;11282800;10
-24,711008;-53,771121;1750.3;6.0;97.9;260721;11283900;11
-24,710996;-53,770915;1751.3;3.9;91.0;260721;11284900;11
-24,710992;-53,770538;1767.7;13.6;88.7;260721;11285900;9
-24,710992;-53,769870;1780.5;15.4;89.4;260721;11290900;9
-24,711017;-53,769584;1778.2;0.0;92.1;260721;11291900;10
-24,711029;-53,769210;1783.8;15.6;90.0;260721;11293000;10
-24,711080;-53,768955;1788.4;1.1;154.7;260721;11294000;10
-24,711101;-53,768951;1797.9;3.3;171.5;260721;11295000;10
-24,711156;-53,768955;1816.6;0.1;183.3;260721;11300000;10
-24,711162;-53,768955;1833.3;0.4;183.3;260721;11301000;10
-24,711181;-53,768951;1851.0;0.1;177.0;260721;11302100;10
-24,711185;-53,768943;1862.5;0.3;177.0;260721;11303100;10
-24,711400;-53,768959;1858.6;6.7;184.2;260721;11304100;10
-24,712051;-53,768966;1851.7;17.2;183.2;260721;11305100;10
-24,712924;-53,768985;1831.0;9.7;182.5;260721;11310100;9
-24,713033;-53,768997;1829.7;0.1;180.8;260721;11311200;9
-24,713300;-53,769020;1830.4;14.4;182.7;260721;11312200;10
-24,713867;-53,768913;1828.4;11.5;123.8;260721;11313200;10
-24,714006;-53,768268;1802.8;14.2;99.8;260721;11314200;9
-24,714027;-53,767650;1813.6;10.3;100.4;260721;11315200;10
-24,713802;-53,767314;1816.9;10.4;355.4;260721;11320200;9
-24,713665;-53,767307;1827.4;0.0;350.2;260721;11321300;9
-24,713638;-53,767314;1836.9;0.1;350.2;260721;11322300;10
-24,713594;-53,767322;1843.8;1.7;357.1;260721;11323300;10
-24,713470;-53,767314;1826.4;3.8;0.5;260721;11324300;10
-24,713329;-53,767307;1808.1;3.9;357.1;260721;11325300;10
-24,713281;-53,767311;1803.1;0.2;359.1;260721;11330400;10
-24,713279;-53,767311;1807.1;0.0;359.1;260721;11331400;10
-24,713277;-53,767311;1808.4;0.1;359.1;260721;11332400;10
-24,713274;-53,767311;1816.6;0.2;359.1;260721;11333400;10
-24,713275;-53,767307;1815.3;0.1;359.1;260721;11334400;10
-24,713228;-53,767299;1810.4;6.4;0.4;260721;11335400;10
-24,713121;-53,767406;1806.8;0.1;262.7;260721;11340500;10
-24,713096;-53,767364;1822.5;4.0;76.1;260721;11341500;10
-24,713216;-53,767345;1832.3;6.7;187.0;260721;11342500;10
-24,713582;-53,767288;1823.8;7.9;169.3;260721;11343500;7
-24,713853;-53,767326;1840.9;1.4;197.6;260721;11344500;9
-24,713998;-53,767059;1800.5;10.4;86.3;260721;11345500;10
-24,714048;-53,766815;1831.0;0.2;97.5;260721;11350600;9
-24,714052;-53,766792;1832.7;0.1;97.5;260721;11351600;10
-24,714069;-53,766559;1828.1;8.5;110.0;260721;11352600;9
-24,714517;-53,766517;1861.9;4.0;179.3;260721;11353600;10
-24,714591;-53,766517;1875.3;0.6;180.0;260721;11354600;10
-24,714878;-53,766513;1885.2;12.4;181.3;260721;11355700;10
-24,715248;-53,766506;1875.0;12.0;178.5;260721;11360700;10
-24,715759;-53,766502;1882.9;2.7;176.5;260721;11361700;10
-24,715810;-53,766502;1892.7;4.6;178.9;260721;11362700;10
-24,716045;-53,766517;1896.3;0.0;182.7;260721;11363700;10
-24,716060;-53,766525;1899.0;0.1;182.7;260721;11364700;10
-24,716220;-53,766525;1906.2;8.6;181.0;260721;11365800;10
-24,716672;-53,766517;1884.8;8.0;177.5;260721;11370800;10
-24,716699;-53,766525;1915.0;0.0;175.1;260721;11371800;10
-24,716882;-53,766536;1902.6;8.8;181.8;260721;11372800;10
-24,717300;-53,766521;1886.8;1.0;174.4;260721;11373800;10
-24,717357;-53,766532;1891.4;2.7;173.7;260721;11374900;10
-24,717548;-53,766799;1871.4;13.6;273.9;260721;11375900;9
-24,717552;-53,767261;1847.8;8.8;287.8;260721;11380900;9
-24,716911;-53,767303;1836.9;23.8;0.6;260721;11381900;9
-24,716321;-53,767303;1823.8;9.8;3.8;260721;11382900;10
-24,715990;-53,767314;1816.9;0.1;0.4;260721;11384000;10
-24,715957;-53,767314;1832.3;0.1;0.4;260721;11385000;10
-24,715806;-53,767314;1828.7;1.8;3.3;260721;11390000;10
-24,715742;-53,767311;1823.8;0.0;354.6;260721;11391000;9
-24,715440;-53,767326;1802.2;6.9;357.1;260721;11392000;10
-24,715177;-53,767341;1807.7;7.0;4.2;260721;11393000;10
-24,714628;-53,767295;1803.8;12.6;358.5;260721;11394100;9
-24,714553;-53,767295;1819.6;0.1;0.0;260721;11395100;10
-24,714399;-53,767272;1812.7;0.6;9.6;260721;11400100;9
-24,714353;-53,767272;1812.3;0.0;9.6;260721;11401100;10
-24,714315;-53,767280;1821.2;0.1;9.6;260721;11402100;10
-24,714290;-53,767295;1827.8;0.0;9.6;260721;11403100;10
-24,714279;-53,767295;1829.7;0.1;9.6;260721;11404200;10
-24,714267;-53,767299;1839.2;0.2;9.6;260721;11405200;10
-24,714000;-53,767261;1820.9;7.9;23.2;260721;11410200;9
-24,714036;-53,766681;1818.9;21.0;92.9;260721;11411200;7
-24,713779;-53,766151;1794.9;14.7;18.5;260721;11412200;9
-24,712841;-53,766181;1823.8;15.7;0.5;260721;11413300;9
-24,711996;-53,766197;1815.9;10.2;0.6;260721;11414300;10
-24,711887;-53,766204;1821.9;2.3;358.7;260721;11415300;10
-24,711761;-53,766193;1816.9;2.9;4.0;260721;11420300;10
-24,711656;-53,766193;1810.7;1.4;359.5;260721;11421300;10
-24,711521;-53,766189;1807.7;2.2;0.3;260721;11422400;10
-24,711269;-53,766231;1804.5;8.0;317.1;260721;11423400;9
-24,711236;-53,766830;1815.3;16.8;269.4;260721;11424400;10
-24,711219;-53,767597;1819.2;14.7;269.6;260721;11425400;9
-24,711227;-53,768020;1826.4;9.3;276.5;260721;11430400;9
-24,711132;-53,768089;1816.9;3.7;179.1;260721;11431500;10
-24,711149;-53,768104;1819.9;0.1;214.2;260721;11432500;10
-24,711143;-53,768093;1826.1;0.2;214.2;260721;11433500;10
-24,711139;-53,768081;1825.5;0.0;214.2;260721;11434500;10
-24,711135;-53,768081;1831.7;0.0;214.2;260721;11435500;10
-24,711128;-53,768081;1835.3;0.2;214.2;260721;11440600;10
-24,711116;-53,768085;1837.6;0.1;214.2;260721;11441600;10
-24,711107;-53,768096;1841.9;0.0;214.2;260721;11442600;10
-24,711107;-53,768096;1839.9;0.2;214.2;260721;11443600;10
-24,711107;-53,768093;1835.6;0.1;214.2;260721;11444600;9
-24,711111;-53,768081;1828.4;0.0;214.2;260721;11445700;9
-24,711111;-53,768077;1821.5;0.1;214.2;260721;11450700;10
-24,711107;-53,768066;1818.9;0.1;214.2;260721;11451700;9
-24,711103;-53,768054;1820.2;0.0;214.2;260721;11452700;9
-24,711099;-53,768051;1818.9;0.1;214.2;260721;11453700;10
-24,711101;-53,768054;1814.3;0.0;214.2;260721;11454800;10
-24,711099;-53,768066;1815.6;0.0;214.2;260721;11455800;10
-24,711099;-53,768081;1822.2;0.1;214.2;260721;11460800;10
-24,711103;-53,768089;1820.2;0.1;214.2;260721;11461800;10
-24,711111;-53,768089;1818.9;0.1;214.2;260721;11462800;10
-24,711118;-53,768093;1817.6;0.2;214.2;260721;11463900;10
-24,711120;-53,768089;1816.9;0.1;214.2;260721;11464900;10
-24,711126;-53,768089;1815.0;0.0;214.2;260721;11465900;10
-24,711128;-53,768093;1815.3;0.1;214.2;260721;11470900;10
-24,711126;-53,768100;1813.3;0.0;214.2;260721;11471900;10
-24,711118;-53,768119;1817.6;0.3;214.2;260721;11473000;10
-24,711118;-53,768131;1817.6;0.2;214.2;260721;11474000;10
-24,711114;-53,768131;1815.6;0.1;214.2;260721;11475000;10
-24,711112;-53,768123;1813.6;0.1;214.2;260721;11480000;10
-24,711112;-53,768112;1810.7;0.0;214.2;260721;11481000;10
-24,711107;-53,768104;1813.0;0.0;214.2;260721;11482000;10
-24,711103;-53,768096;1815.0;0.0;214.2;260721;11483100;10
-24,711103;-53,768089;1814.6;0.2;214.2;260721;11484100;10
-24,711103;-53,768085;1813.3;0.1;214.2;260721;11485100;10
-24,711105;-53,768085;1814.0;0.1;214.2;260721;11490100;10
-24,711101;-53,768085;1821.9;0.1;214.2;260721;11491100;10
-24,711097;-53,768085;1825.1;0.2;214.2;260721;11492200;10
-24,710855;-53,768077;1822.8;9.9;2.8;260721;11493200;10
-24,710477;-53,768066;1809.4;11.1;6.1;260721;11494200;9
-24,710088;-53,767940;1818.6;2.3;84.7;260721;11495200;9
-24,710065;-53,767833;1808.7;8.4;82.3;260721;11500200;10
-24,710075;-53,766983;1817.3;25.2;90.9;260721;11501200;10
-24,710084;-53,765766;1817.6;24.7;90.4;260721;11502300;10
-24,710100;-53,764858;1819.9;20.3;91.7;260721;11503300;10
-24,710121;-53,764446;1819.6;1.4;91.8;260721;11504300;10
-24,710121;-53,764389;1826.1;1.2;91.9;260721;11505300;10
-24,710117;-53,764305;1834.3;2.3;92.3;260721;11510300;10
-24,710170;-53,764240;1826.4;0.2;168.6;260721;11511400;10
-24,710287;-53,764259;1828.1;7.5;182.1;260721;11512400;10
-24,710763;-53,764251;1836.6;9.1;183.1;260721;11513400;9
-24,710855;-53,764255;1803.1;0.7;196.7;260721;11514400;9
-24,710964;-53,764228;1800.9;9.4;181.9;260721;11515400;7
-24,711177;-53,764255;1828.7;8.2;190.5;260721;11520400;8
-24,711421;-53,764236;1833.3;2.0;183.9;260721;11521500;9
-24,711488;-53,764225;1833.0;4.7;177.8;260721;11522500;9
-24,711582;-53,764232;1868.8;0.6;182.2;260721;11523500;5
-24,711606;-53,764247;1891.1;0.3;182.2;260721;11524500;9
-24,711658;-53,764247;1909.1;2.6;170.9;260721;11525500;7
-24,712001;-53,764266;1934.4;9.1;177.7;260721;11530600;8
-24,712415;-53,764427;1883.2;11.4;272.0;260721;11531600;8
-24,712207;-53,764793;1840.9;14.5;357.5;260721;11532600;9
-24,711582;-53,764820;1824.1;16.5;2.2;260721;11533600;10
-24,711505;-53,764862;1845.8;0.1;355.9;260721;11534600;10
-24,711444;-53,764888;1857.0;4.6;357.1;260721;11535600;9
-24,711002;-53,764892;1854.7;15.3;359.3;260721;11540700;9
-24,710828;-53,764904;1855.0;0.1;4.8;260721;11541700;10
-24,710832;-53,764907;1854.3;0.0;4.8;260721;11542700;10
-24,710794;-53,764900;1857.3;1.2;354.2;260721;11543700;10
-24,710519;-53,764907;1847.8;7.9;354.6;260721;11544700;10
-24,710409;-53,764915;1835.0;0.0;355.8;260721;11545800;10
-24,710275;-53,764919;1844.8;6.4;2.1;260721;11550800;10
-24,710144;-53,764907;1853.3;3.2;359.2;260721;11551800;10
-24,709613;-53,764896;1849.4;19.3;0.8;260721;11552800;9
-24,709211;-53,764888;1846.8;0.1;0.6;260721;11553800;9
-24,709188;-53,764892;1855.0;1.2;0.5;260721;11554900;9
-24,708969;-53,764968;1856.6;9.7;296.5;260721;11555900;10
-24,708969;-53,765415;1833.3;8.6;255.7;260721;11560900;9
-24,709209;-53,765495;1811.7;2.6;198.0;260721;11561900;10
-24,709266;-53,765495;1821.2;0.1;172.6;260721;11562900;9
-24,709287;-53,765491;1833.7;0.1;172.6;260721;11564000;9
-24,709297;-53,765495;1836.3;0.1;172.6;260721;11565000;9
-24,709299;-53,765495;1833.3;0.1;172.6;260721;11570000;9
-24,709299;-53,765499;1831.0;0.3;172.6;260721;11571000;8
-24,709335;-53,765483;1832.3;5.4;174.1;260721;11572000;9
-24,709419;-53,765487;1822.2;1.4;179.2;260721;11573000;9
-24,709543;-53,765483;1823.5;5.1;182.4;260721;11574100;10
-24,709661;-53,765495;1827.8;1.4;181.9;260721;11575100;10
-24,709716;-53,765514;1845.5;3.8;178.9;260721;11580100;10
-24,709802;-53,765529;1842.2;2.0;182.7;260721;11581100;9
-24,710058;-53,765495;1817.9;12.5;180.3;260721;11582100;10
-24,710350;-53,765468;1821.5;0.2;178.9;260721;11583200;10
-24,710411;-53,765472;1802.8;0.7;178.9;260721;11584200;10
-24,710594;-53,765464;1812.0;6.5;174.9;260721;11585200;10
-24,710676;-53,765491;1843.8;0.1;173.2;260721;11590200;10
-24,710762;-53,765518;1847.8;0.8;175.6;260721;11591200;10
-24,710905;-53,765541;1855.3;7.5;187.4;260721;11592300;7
-24,711011;-53,765583;1881.9;1.5;179.5;260721;11593300;7
-24,711288;-53,765594;1851.7;9.3;182.4;260721;11594300;8
-24,711627;-53,765563;1789.7;4.7;174.0;260721;11595300;9
-24,711740;-53,765548;1721.1;0.8;163.8;260721;12000300;7
-24,711961;-53,765529;1802.5;1.6;192.5;260721;12001400;8
-24,712097;-53,765518;1834.6;2.4;173.8;260721;12002400;9
-24,712209;-53,765537;1854.7;2.6;184.5;260721;12003400;10
-24,712257;-53,765560;1841.9;0.1;187.8;260721;12004400;10
-24,712388;-53,765579;1836.6;6.5;187.5;260721;12005400;10
-24,712497;-53,765918;1838.9;14.4;275.9;260721;12010400;10
-24,712080;-53,766155;1832.7;19.9;1.2;260721;12011500;9
-24,711282;-53,766159;1827.1;2.3;358.9;260721;12012500;9
-24,710990;-53,766174;1829.1;15.3;359.9;260721;12013500;10
-24,710548;-53,766166;1823.2;0.6;358.7;260721;12014500;10
-24,710535;-53,766162;1823.2;0.4;358.7;260721;12015500;10
-24,710525;-53,766162;1821.5;0.1;358.7;260721;12020600;10
-24,710521;-53,766151;1837.9;0.0;358.7;260721;12021600;10
-24,710519;-53,766166;1852.0;0.0;358.7;260721;12022600;10
-24,710515;-53,766174;1858.6;0.0;358.7;260721;12023600;10
-24,710510;-53,766174;1865.5;0.0;358.7;260721;12024600;10
-24,710489;-53,766166;1866.5;4.5;359.4;260721;12025700;10
-24,710107;-53,766162;1862.5;5.9;2.2;260721;12030700;10
-24,709768;-53,766166;1854.0;1.2;2.5;260721;12031700;10
-24,709651;-53,766159;1849.4;7.3;1.1;260721;12032700;10
-24,709587;-53,766162;1862.9;0.1;356.9;260721;12033700;10
-24,709396;-53,766155;1861.2;12.0;1.2;260721;12034800;10
-24,709178;-53,766151;1858.3;0.0;2.0;260721;12035800;10
-24,709079;-53,766166;1857.9;5.4;347.8;260721;12040800;10
-24,708961;-53,766574;1844.2;14.7;269.9;260721;12041800;10
-24,709117;-53,766769;1842.2;0.0;181.2;260721;12042800;10
-24,709184;-53,766780;1854.7;3.4;183.7;260721;12043900;10
-24,709274;-53,766780;1858.6;1.2;180.5;260721;12044900;10
-24,709306;-53,766773;1852.0;0.4;180.5;260721;12045900;10
-24,709348;-53,766788;1843.8;0.4;180.5;260721;12050900;10
-24,709434;-53,766803;1843.2;1.5;180.6;260721;12051900;10
-24,709625;-53,766803;1850.4;0.2;179.7;260721;12053000;9
-24,709661;-53,766803;1854.7;2.2;180.9;260721;12054000;10
-24,709808;-53,766803;1855.3;2.9;179.2;260721;12055000;10
-24,709867;-53,766796;1849.4;2.1;171.6;260721;12060000;10
-24,709978;-53,766803;1844.2;2.4;177.2;260721;12061000;9
-24,710376;-53,766815;1853.3;0.5;185.2;260721;12062100;10
-24,710416;-53,766799;1853.3;1.0;183.9;260721;12063100;10
-24,710668;-53,766803;1858.3;1.8;179.4;260721;12064100;10
-24,710699;-53,766811;1862.5;0.7;180.2;260721;12065100;10
-24,710983;-53,766788;1873.4;10.1;174.5;260721;12070100;9
-24,711193;-53,767181;1849.4;17.8;267.8;260721;12071200;9
-24,711088;-53,767463;1853.3;5.6;354.8;260721;12072200;10
-24,710754;-53,767471;1823.2;10.1;360.0;260721;12073200;10
-24,710561;-53,767463;1822.2;0.1;2.4;260721;12074200;10
-24,710510;-53,767459;1840.9;0.1;2.4;260721;12075200;10
-24,710477;-53,767448;1837.6;0.4;2.4;260721;12080200;10
-24,710454;-53,767425;1831.0;1.7;23.4;260721;12081300;10
-24,710332;-53,767417;1830.1;2.6;360.0;260721;12082300;10
-24,710281;-53,767425;1828.1;0.0;6.6;260721;12083300;10
-24,710252;-53,767429;1830.1;0.1;6.6;260721;12084300;10
-24,710231;-53,767433;1835.0;0.1;6.6;260721;12085300;10
-24,710208;-53,767429;1843.2;0.1;6.6;260721;12090400;10
-24,710191;-53,767436;1850.1;0.1;6.6;260721;12091400;10
-24,710119;-53,767436;1846.8;8.7;2.1;260721;12092400;10
-24,709793;-53,767436;1832.3;8.6;0.8;260721;12093400;10
-24,709745;-53,767433;1837.3;0.1;359.5;260721;12094400;10
-24,709598;-53,767433;1825.8;7.7;3.7;260721;12095500;10
-24,709539;-53,767436;1842.8;0.1;6.7;260721;12100500;10
-24,709522;-53,767440;1853.0;1.2;4.9;260721;12101500;10
-24,709360;-53,767425;1849.4;4.4;4.0;260721;12102500;10
-24,709299;-53,767425;1851.7;0.1;2.3;260721;12103500;10
-24,709238;-53,767414;1850.1;0.7;3.5;260721;12104500;10
-24,709030;-53,767425;1846.1;4.7;345.1;260721;12105600;10
-24,708940;-53,767913;1827.1;8.3;272.4;260721;12110600;9
-24,708929;-53,768665;1830.7;15.8;270.7;260721;12111600;9
-24,709001;-53,768852;1830.4;8.5;198.0;260721;12112600;9
-24,709474;-53,768909;1828.7;6.6;180.9;260721;12113600;9
-24,709966;-53,768917;1835.0;10.7;182.0;260721;12114700;9
-24,710439;-53,768920;1841.5;15.8;180.6;260721;12115700;9
-24,711317;-53,768917;1838.6;25.6;182.8;260721;12120700;7
-24,712221;-53,768920;1851.0;20.5;180.6;260721;12121700;8
-24,712974;-53,768939;1825.1;13.6;182.9;260721;12122700;9
-24,713750;-53,768924;1832.3;8.9;156.6;260721;12123800;8
-24,713941;-53,768291;1823.2;17.3;89.7;260721;12124800;9
-24,713935;-53,767555;1836.3;16.1;91.1;260721;12125800;9
-24,713966;-53,767143;1833.3;9.7;91.3;260721;12130800;7
-24,714000;-53,766349;1829.4;17.4;88.5;260721;12131800;8
-24,714260;-53,765739;1898.6;15.5;182.0;260721;12132900;8
-24,714456;-53,765666;1905.8;0.1;181.5;260721;12133900;9
-24,714523;-53,765670;1887.8;5.2;182.3;260721;12134900;9
-24,714691;-53,765659;1887.5;0.4;176.9;260721;12135900;9
-24,714715;-53,765659;1884.8;0.1;176.9;260721;12140900;9
-24,714857;-53,765647;1883.5;7.9;176.3;260721;12142000;9
-24,715314;-53,765640;1860.2;11.0;178.4;260721;12143000;8
-24,715604;-53,765644;1856.3;2.5;183.3;260721;12144000;9
-24,715740;-53,765659;1851.0;2.4;180.5;260721;12145000;9
-24,715805;-53,765659;1847.8;0.0;178.1;260721;12150000;9
-24,715837;-53,765663;1836.3;0.6;178.1;260721;12151100;9
-24,715902;-53,765670;1838.3;2.4;178.8;260721;12152100;9
-24,716001;-53,765678;1844.5;2.4;181.9;260721;12153100;9
-24,716064;-53,765678;1849.4;0.0;177.5;260721;12154100;9
-24,716079;-53,765682;1840.2;0.1;177.5;260721;12155100;9
-24,716091;-53,765686;1826.1;0.0;177.5;260721;12160200;9
-24,716093;-53,765686;1824.5;0.0;177.5;260721;12161200;9
-24,716091;-53,765682;1826.1;0.2;177.5;260721;12162200;9
-24,716085;-53,765678;1829.7;0.0;177.5;260721;12163200;10
-24,716110;-53,765674;1831.0;5.7;177.4;260721;12164200;10
-24,716613;-53,765659;1834.0;16.9;177.1;260721;12165200;10
-24,716779;-53,765651;1844.5;0.3;178.7;260721;12170300;9
-24,716772;-53,765663;1843.5;0.7;178.7;260721;12171300;9
-24,716777;-53,765663;1836.3;0.1;178.7;260721;12172300;9
-24,716846;-53,765663;1836.0;2.2;187.8;260721;12173300;9
-24,716863;-53,765670;1842.8;0.7;187.8;260721;12174300;9
-24,716997;-53,765659;1852.7;2.7;183.4;260721;12175400;9
-24,717142;-53,765670;1854.7;2.4;326.7;260721;12180400;9
-24,717193;-53,765674;1843.8;6.2;183.0;260721;12181400;9
-24,717540;-53,765739;1857.6;7.2;238.6;260721;12182400;9
-24,717548;-53,766078;1853.0;0.2;271.5;260721;12183400;9
-24,717563;-53,766120;1860.6;0.0;271.5;260721;12184500;9
-24,717575;-53,766143;1855.3;0.1;271.5;260721;12185500;9
-24,717575;-53,766155;1862.2;0.4;271.5;260721;12190500;9
-24,717578;-53,766151;1863.2;0.5;290.2;260721;12191500;9
-24,717584;-53,766159;1866.5;0.2;290.2;260721;12192500;9
-24,717569;-53,766487;1868.8;8.3;273.3;260721;12193500;9
-24,717554;-53,767078;1863.5;15.7;271.7;260721;12194600;9
-24,717548;-53,768280;1848.4;30.3;271.7;260721;12195600;9
-24,717544;-53,769706;1806.4;32.5;271.5;260721;12200600;9
-24,717573;-53,770397;1797.6;7.7;218.9;260721;12201600;9
-24,718322;-53,770225;1795.3;29.9;165.6;260721;12202600;9
-24,719776;-53,769832;1812.7;36.9;164.7;260721;12203700;9
-24,721235;-53,769447;1806.8;31.5;168.5;260721;12204700;8
-24,721691;-53,768859;1832.7;17.7;100.0;260721;12205700;9
-24,721870;-53,767875;1852.0;24.4;102.3;260721;12210700;9
-24,722099;-53,766624;1874.0;31.0;101.3;260721;12211700;9
-24,722454;-53,765651;1876.3;16.3;178.6;260721;12212800;9
-24,723381;-53,765678;1893.7;30.0;180.4;260721;12213800;9
-24,724887;-53,765701;1891.4;41.0;180.5;260721;12214800;8
-24,726461;-53,765708;1901.9;35.9;181.2;260721;12215800;9
-24,727613;-53,765079;1910.8;35.1;140.8;260721;12220800;9
-24,728727;-53,764198;1919.3;11.0;145.1;260721;12221900;8
-24,729337;-53,763702;1927.2;25.0;144.7;260721;12222900;9
-24,730190;-53,763492;1925.9;27.2;176.4;260721;12223900;9
-24,731515;-53,763488;1906.2;34.9;179.9;260721;12224900;9
-24,732952;-53,763504;1878.0;37.5;180.7;260721;12225900;9
-24,734334;-53,763526;1838.9;12.7;179.6;260721;12231000;9
-24,734487;-53,763000;1831.4;25.1;96.3;260721;12232000;9
-24,734601;-53,761745;1823.5;30.3;97.1;260721;12233000;9
-24,734733;-53,760433;1838.6;28.4;104.4;260721;12234000;9
-24,734966;-53,760036;1833.7;12.2;150.4;260721;12235000;9
-24,736108;-53,760025;1812.0;33.6;182.6;260721;12240100;9
-24,737405;-53,760074;1802.5;31.6;181.5;260721;12241100;9
-24,738706;-53,760116;1803.1;31.1;181.9;260721;12242100;9
-24,739997;-53,760150;1796.9;30.4;181.4;260721;12243100;9
-24,740911;-53,760166;1796.3;12.2;180.6;260721;12244100;9
-24,741994;-53,760177;1789.4;33.0;181.0;260721;12245200;9
-24,743381;-53,760242;1771.7;34.0;189.0;260721;12250200;9
-24,744613;-53,760837;1752.3;34.0;216.6;260721;12251200;9
-24,745706;-53,761844;1716.9;37.4;219.7;260721;12252200;8
-24,746877;-53,763038;1674.5;42.4;230.8;260721;12253200;9
-24,747634;-53,764987;1624.0;45.5;251.0;260721;12254300;9
-24,748220;-53,766838;1603.7;44.4;251.4;260721;12255300;9
-24,748748;-53,768707;1587.6;44.1;255.6;260721;12260300;9
-24,749233;-53,770580;1558.4;44.0;252.3;260721;12261300;9
-24,749805;-53,772396;1529.5;42.4;251.6;260721;12262300;9
-24,750194;-53,774341;1482.9;39.7;266.1;260721;12263400;8
-24,750352;-53,776046;1455.7;35.2;252.4;260721;12264400;8
-24,751071;-53,777343;1413.7;34.8;269.0;260721;12265400;9
-24,750337;-53,778953;1399.3;45.0;301.1;260721;12270400;9
-24,749387;-53,780693;1412.7;45.4;300.3;260721;12271400;8
-24,748645;-53,782726;1432.7;43.5;281.5;260721;12272500;8
-24,748407;-53,784637;1459.0;44.7;276.5;260721;12273500;9
-24,748188;-53,786682;1473.1;46.9;276.2;260721;12274500;9
-24,747961;-53,788711;1492.5;46.1;276.8;260721;12275500;9
-24,747905;-53,790779;1518.0;48.1;262.0;260721;12280500;9
-24,748497;-53,792999;1509.2;50.0;242.4;260721;12281600;9
-24,749210;-53,795043;1475.4;49.4;254.2;260721;12282600;9
-24,749767;-53,797145;1462.6;50.6;254.0;260721;12283600;9
-24,750255;-53,799114;1463.9;43.3;260.5;260721;12284600;8
-24,750333;-53,801086;1452.8;46.2;269.7;260721;12285600;9
-24,750360;-53,803287;1476.4;43.4;268.7;260721;12290700;9
-24,750335;-53,804775;1511.5;17.3;276.7;260721;12291700;9
-24,750146;-53,804931;1519.7;0.4;345.5;260721;12292700;8
-24,750123;-53,804901;1538.4;0.1;345.5;260721;12293700;8
-24,749956;-53,804939;1519.7;11.6;354.3;260721;12294700;8
-24,749412;-53,804954;1497.7;12.6;3.9;260721;12295800;9
-24,748960;-53,804729;1510.8;8.4;359.2;260721;12300800;9
-24,748851;-53,804718;1511.5;0.3;3.9;260721;12301800;9
-24,748857;-53,804718;1506.2;0.1;3.9;260721;12302800;9
-24,748920;-53,804718;1503.0;2.7;176.8;260721;12303800;9
-24,749139;-53,804756;1495.4;5.7;202.0;260721;12304900;8
-24,749338;-53,804759;1500.7;4.6;176.9;260721;12305900;9
-24,749359;-53,804790;1494.4;0.7;180.2;260721;12310900;9
-24,749345;-53,804763;1493.8;0.3;180.2;260721;12311900;9
-24,749330;-53,804771;1462.9;1.4;64.7;260721;12312900;9
-24,749315;-53,804790;1443.2;0.5;64.7;260721;12314000;9
-24,749313;-53,804798;1441.9;0.8;64.7;260721;12315000;9
-24,749303;-53,804805;1454.4;0.8;64.7;260721;12320000;9
-24,749303;-53,804809;1471.8;0.5;64.7;260721;12321000;9
-24,749326;-53,804786;1525.3;0.1;64.7;260721;12322000;9
-24,749343;-53,804782;1505.9;1.1;7.0;260721;12323100;9
-24,749319;-53,804775;1507.2;0.2;7.0;260721;12324100;8
-24,749279;-53,804775;1506.2;0.5;7.0;260721;12325100;9
-24,749223;-53,804782;1544.0;2.0;7.0;260721;12330100;9
-24,749212;-53,804805;1542.7;0.2;7.0;260721;12331100;9
-24,749210;-53,804790;1549.9;0.4;7.0;260721;12332100;8
-24,749229;-53,804782;1544.0;1.2;270.2;260721;12333200;8
-24,749237;-53,804775;1503.9;0.2;270.2;260721;12334200;9
-24,749237;-53,804763;1483.6;0.0;270.2;260721;12335200;9
-24,749225;-53,804775;1478.3;0.1;270.2;260721;12340200;9
-24,749225;-53,804786;1469.5;0.3;270.2;260721;12341200;9
-24,749231;-53,804821;1470.5;0.2;270.2;260721;12342200;9
-24,749248;-53,804836;1468.8;1.2;269.5;260721;12343300;9
-24,749259;-53,804836;1472.1;0.4;269.5;260721;12344300;9
-24,749280;-53,804817;1469.5;0.4;269.5;260721;12345300;8
-24,749282;-53,804813;1458.7;0.3;217.8;260721;12350300;9
-24,749277;-53,804813;1445.9;0.3;217.8;260721;12351300;9
-24,749288;-53,804790;1441.6;0.1;217.8;260721;12352300;9
-24,749315;-53,804779;1433.7;0.9;217.8;260721;12353400;9
-24,749317;-53,804790;1429.1;0.7;217.8;260721;12354400;8
-24,749244;-53,804775;1476.7;2.8;349.6;260721;12355400;9
-24,749244;-53,804912;1515.1;6.3;188.2;260721;12360400;9
-24,749547;-53,804920;1513.8;7.7;185.0;260721;12361400;9
-24,749893;-53,804908;1524.6;7.5;179.7;260721;12362500;8
-24,750120;-53,804771;1506.2;6.8;93.7;260721;12363500;8
-24,750179;-53,804721;1514.4;0.1;68.4;260721;12364500;9
-24,750171;-53,804706;1520.7;0.1;69.5;260721;12365500;9
-24,750156;-53,804695;1535.8;0.1;69.5;260721;12370500;9
-24,750143;-53,804679;1545.9;0.0;69.5;260721;12371500;9
-24,750141;-53,804676;1539.7;0.5;69.5;260721;12372600;9
-24,750139;-53,804679;1544.3;0.1;69.5;260721;12373600;9
-24,750131;-53,804679;1545.3;0.0;69.5;260721;12374600;9
-24,750116;-53,804676;1540.7;0.1;69.5;260721;12375600;9
-24,750101;-53,804664;1531.5;0.1;69.5;260721;12380600;9
-24,750085;-53,804656;1522.6;0.0;69.5;260721;12381600;8
-24,750062;-53,804641;1520.3;0.1;69.5;260721;12382700;9
-24,750059;-53,804637;1523.0;0.0;69.5;260721;12383700;9
-24,750045;-53,804630;1528.9;0.1;69.5;260721;12384700;9
-24,750036;-53,804626;1533.1;0.1;69.5;260721;12385700;9
-24,750043;-53,804630;1536.4;0.0;25.9;260721;12390700;9
-24,750064;-53,804641;1539.4;0.0;25.9;260721;12391800;9
-24,750070;-53,804649;1538.7;0.0;25.9;260721;12392800;9
-24,750076;-53,804656;1536.1;0.0;25.9;260721;12393800;9
-24,750083;-53,804656;1530.5;0.0;25.9;260721;12394800;9
-24,750091;-53,804656;1531.5;0.0;25.9;260721;12395800;9
-24,750089;-53,804653;1533.5;0.0;25.9;260721;12400900;9
-24,750087;-53,804645;1539.4;0.0;25.9;260721;12401900;9
-24,750082;-53,804637;1537.4;0.0;25.9;260721;12402900;9
-24,750062;-53,804630;1525.9;0.0;25.9;260721;12403900;9
-24,750057;-53,804634;1520.7;0.0;25.9;260721;12404900;9
-24,750066;-53,804637;1518.0;0.1;25.9;260721;12405900;9
-24,750078;-53,804637;1516.7;0.0;25.9;260721;12411000;9
-24,750085;-53,804645;1518.0;0.1;25.9;260721;12412000;9
-24,750102;-53,804656;1521.3;0.0;25.9;260721;12413000;9
-24,750116;-53,804660;1526.2;0.0;25.9;260721;12414000;9
-24,750122;-53,804664;1533.5;0.0;25.9;260721;12415000;9
-24,750120;-53,804660;1539.4;0.1;25.9;260721;12420100;8
-24,750122;-53,804660;1539.7;0.0;25.9;260721;12421100;8
-24,750112;-53,804656;1540.7;0.1;25.9;260721;12422100;8
-24,750101;-53,804653;1537.7;0.0;25.9;260721;12423100;8
-24,750097;-53,804649;1532.8;0.1;25.9;260721;12424100;8
-24,750091;-53,804649;1525.6;0.0;14.7;260721;12425100;9
-24,750099;-53,804649;1527.2;0.0;299.0;260721;12430200;9
-24,750102;-53,804653;1528.2;0.0;299.0;260721;12431200;9
-24,750099;-53,804656;1526.2;0.5;299.0;260721;12432200;9
-24,750102;-53,804653;1520.7;0.2;341.2;260721;12433200;9
-24,750093;-53,804637;1526.6;0.1;341.2;260721;12434200;9
-24,750080;-53,804626;1531.8;0.0;341.2;260721;12435300;9
-24,750072;-53,804634;1531.5;0.1;341.2;260721;12440300;9
-24,750070;-53,804641;1531.8;0.0;341.2;260721;12441300;9
-24,750074;-53,804645;1533.1;0.0;341.2;260721;12442300;9
-24,750074;-53,804637;1541.0;0.0;341.2;260721;12443300;9
-24,750070;-53,804630;1546.3;0.0;341.2;260721;12444400;9
-24,750062;-53,804634;1540.0;0.0;341.2;260721;12445400;9
-24,750062;-53,804634;1535.4;0.1;341.2;260721;12450400;9
-24,750068;-53,804637;1532.2;0.0;341.2;260721;12451400;9
-24,750083;-53,804641;1532.8;0.0;341.2;260721;12452400;9
-24,750099;-53,804653;1529.5;0.1;341.2;260721;12453500;9
-24,750101;-53,804656;1525.3;0.2;341.2;260721;12454500;9
-24,750104;-53,804660;1527.2;0.1;341.2;260721;12455500;9
-24,750158;-53,804687;1525.9;0.1;341.2;260721;12460500;9
-24,750162;-53,804687;1523.0;0.0;341.2;260721;12461500;9
-24,750173;-53,804702;1521.0;0.2;341.2;260721;12462600;9
-24,750185;-53,804824;1523.0;3.9;274.0;260721;12463600;9
-24,750165;-53,804866;1527.6;0.7;285.8;260721;12464600;9
-24,750329;-53,804885;1517.4;5.4;169.0;260721;12465600;9
-24,750408;-53,804763;1507.2;10.9;114.4;260721;12470600;9
-24,750389;-53,803554;1467.5;34.6;88.7;260721;12471700;9
-24,750366;-53,801731;1433.1;45.2;90.1;260721;12472700;9
-24,750314;-53,799755;1428.5;43.0;88.3;260721;12473700;9
-24,749977;-53,797863;1443.6;44.8;74.2;260721;12474700;9
-24,749483;-53,795963;1442.6;44.9;72.5;260721;12475700;9
-24,748920;-53,793907;1464.6;42.7;69.0;260721;12480800;9
-24,748208;-53,792198;1495.1;42.7;70.5;260721;12481800;9
-24,747884;-53,790237;1492.1;48.0;86.2;260721;12482800;9
-24,748069;-53,788063;1457.7;50.3;96.9;260721;12483800;8
-24,748346;-53,785575;1445.5;58.1;97.1;260721;12484800;9
-24,748636;-53,783016;1434.7;48.8;99.8;260721;12485900;8
-24,749204;-53,781082;1410.8;43.6;117.8;260721;12490900;9
-24,750053;-53,779472;1406.5;39.6;121.6;260721;12491900;9
-24,750850;-53,778045;1409.1;34.3;122.5;260721;12492900;8
-24,750902;-53,776779;1408.1;29.5;49.9;260721;12493900;9
-24,750316;-53,775764;1442.9;13.7;84.3;260721;12495000;7
-24,750282;-53,775337;1467.8;9.3;86.2;260721;12500000;6
-24,750286;-53,774990;1469.8;4.2;91.2;260721;12501000;6
-24,750249;-53,774780;1534.1;4.5;85.3;260721;12502000;7
-24,750207;-53,774486;1546.6;7.0;83.5;260721;12503000;7
-24,750186;-53,774082;1538.4;13.3;88.1;260721;12504100;9
-24,750059;-53,773189;1487.2;27.1;76.2;260721;12505100;8
-24,749643;-53,771759;1489.2;36.5;71.8;260721;12510100;8
-24,749177;-53,770206;1518.4;36.5;73.7;260721;12511100;9
-24,748773;-53,768577;1554.8;38.4;75.0;260721;12512100;8
-24,748159;-53,766548;1584.6;47.2;70.8;260721;12513200;8
-24,747518;-53,764522;1627.6;46.1;71.2;260721;12514200;9
-24,746679;-53,762756;1675.5;44.0;46.7;260721;12515200;8
-24,745384;-53,761459;1720.5;41.6;41.5;260721;12520200;9
-24,744104;-53,760372;1758.2;36.6;29.2;260721;12521200;9
-24,743320;-53,760128;1790.0;17.6;8.2;260721;12522300;9
-24,742244;-53,760078;1813.6;31.7;0.8;260721;12523300;9
-24,740938;-53,760044;1834.6;21.2;359.4;260721;12524300;9
-24,740270;-53,760047;1809.1;26.5;5.1;260721;12525300;9
-24,739009;-53,759986;1820.2;32.1;0.9;260721;12530300;9
-24,737602;-53,759933;1820.9;32.0;1.4;260721;12531400;9
-24,736240;-53,759868;1833.0;34.3;2.7;260721;12532400;9
-24,734996;-53,759761;1848.4;25.4;15.3;260721;12533400;9
-24,733852;-53,759784;1865.5;31.1;0.8;260721;12534400;8
-24,732610;-53,759746;1867.8;31.6;3.7;260721;12535400;8
-24,731216;-53,759731;1893.0;31.6;1.7;260721;12540500;7
-24,730094;-53,759712;1899.0;14.5;0.2;260721;12541500;9
-24,729719;-53,759712;1872.0;14.4;316.4;260721;12542500;9
-24,729801;-53,760650;1878.3;28.3;268.3;260721;12543500;9
-24,729774;-53,762050;1887.8;32.2;270.6;260721;12544500;8
-24,729560;-53,763278;1897.0;21.8;340.0;260721;12545600;8
-24,728693;-53,763904;1894.4;22.4;324.3;260721;12550600;9
-24,728044;-53,764430;1895.3;28.4;323.5;260721;12551600;9
-24,726932;-53,765182;1891.4;33.8;333.8;260721;12552600;8
-24,725509;-53,765575;1884.8;42.6;0.1;260721;12553600;8
-24,723543;-53,765571;1845.1;42.9;359.7;260721;12554700;7
-24,722278;-53,765663;1817.6;22.2;322.1;260721;12555700;7
-24,722019;-53,766864;1846.8;36.7;281.8;260721;12560700;8
-24,721694;-53,768547;1816.3;37.1;281.7;260721;12561700;8
-24,721294;-53,769439;1794.3;17.8;336.0;260721;12562700;9
-24,720249;-53,769756;1762.5;30.7;345.6;260721;12563800;9
-24,718967;-53,770133;1762.8;31.5;340.3;260721;12564800;9
-24,717802;-53,770408;1773.0;22.4;346.6;260721;12565800;8
-24,717624;-53,769855;1777.6;21.8;93.8;260721;12570800;9
-24,717592;-53,768783;1818.9;21.4;91.0;260721;12571800;8
-24,717597;-53,767681;1831.4;23.2;89.6;260721;12572900;9
-24,717592;-53,766841;1846.1;7.5;91.4;260721;12573900;9
-24,717611;-53,766342;1859.6;5.1;94.4;260721;12574900;9
-24,717597;-53,765548;1863.8;18.4;90.5;260721;12575900;8
-24,717475;-53,764911;1879.6;14.8;8.4;260721;12580900;9
-24,717231;-53,764850;1862.2;0.2;358.4;260721;12582000;9
-24,717193;-53,764831;1878.3;0.1;358.4;260721;12583000;9
-24,717180;-53,764827;1881.6;0.1;358.4;260721;12584000;9
-24,717168;-53,764831;1884.8;0.2;43.4;260721;12585000;10
-24,717164;-53,764839;1884.2;0.4;90.7;260721;12590000;9
-24,717037;-53,764835;1875.3;9.4;358.2;260721;12591100;10
-24,716846;-53,764846;1881.2;0.8;352.9;260721;12592100;7
-24,716835;-53,764846;1871.7;1.2;352.9;260721;12593100;9
-24,716478;-53,764827;1859.3;10.5;0.7;260721;12594100;9
-24,715885;-53,764804;1825.5;18.6;4.4;260721;12595100;9
-24,715312;-53,764835;1791.7;2.3;341.5;260721;13000200;4
-24,715148;-53,764793;1794.0;9.3;2.5;260721;13001200;8
-24,715045;-53,764793;1810.7;0.5;6.7;260721;13002200;9
-24,714773;-53,764789;1810.4;14.5;1.5;260721;13003200;9
-24,714128;-53,764804;1805.8;7.8;355.2;260721;13004200;6
-24,713581;-53,764774;1800.9;0.7;5.8;260721;13005300;9
-24,713544;-53,764766;1823.2;0.2;5.8;260721;13010300;9
-24,713405;-53,764759;1809.4;8.4;7.1;260721;13011300;9
-24,713006;-53,764720;1790.0;11.2;3.2;260721;13012300;8
-24,712656;-53,764831;1777.9;12.0;277.9;260721;13013300;8
-24,712680;-53,765571;1816.3;9.2;203.7;260721;13014400;6
-24,712770;-53,765590;1829.1;0.3;178.6;260721;13015400;9
-24,712881;-53,765609;1840.9;3.2;184.2;260721;13020400;9
-24,712949;-53,765609;1845.8;0.1;185.9;260721;13021400;9
-24,712968;-53,765602;1849.7;0.2;185.9;260721;13022400;9
-24,712976;-53,765594;1853.0;0.1;185.9;260721;13023500;9
-24,712976;-53,765586;1859.9;0.0;185.9;260721;13024500;8
-24,713006;-53,765586;1863.5;4.1;184.7;260721;13025500;9
-24,713460;-53,765590;1850.4;19.1;179.6;260721;13030500;9
-24,714017;-53,765480;1842.8;12.2;97.1;260721;13031500;9
-24,714038;-53,764625;1854.7;19.6;88.3;260721;13032600;6
-24,714166;-53,764045;1837.9;11.1;176.4;260721;13033600;8
-24,714691;-53,764007;1850.7;10.8;185.6;260721;13034600;9
-24,714725;-53,763984;1854.0;0.9;95.6;260721;13035600;9
-24,714771;-53,763965;1860.6;0.4;172.0;260721;13040600;9
-24,714841;-53,763965;1864.2;0.6;181.0;260721;13041700;9
-24,715063;-53,763973;1860.6;10.1;181.3;260721;13042700;9
-24,715230;-53,763965;1857.0;4.0;179.4;260721;13043700;9
-24,715671;-53,763973;1849.7;0.9;185.4;260721;13044700;9
-24,715763;-53,763980;1860.2;0.9;182.9;260721;13045700;9
-24,715993;-53,763988;1858.3;6.6;182.1;260721;13050800;9
-24,716047;-53,763980;1865.2;0.1;183.9;260721;13051800;9
-24,716169;-53,763931;1861.9;5.6;163.1;260721;13052800;9
-24,716257;-53,763927;1866.5;5.4;177.7;260721;13053800;9
-24,716459;-53,763946;1865.2;8.7;183.8;260721;13054800;9
-24,716674;-53,763957;1872.4;0.9;182.5;260721;13055900;8
-24,716791;-53,763973;1874.7;2.4;185.5;260721;13060900;9
-24,716888;-53,763992;1884.5;2.4;187.7;260721;13061900;9
-24,716974;-53,763984;1878.3;1.4;163.6;260721;13062900;9
-24,717073;-53,763957;1868.1;2.8;145.1;260721;13063900;9
-24,717178;-53,763977;1865.2;0.3;179.6;260721;13065000;8
-24,717210;-53,763996;1868.4;0.0;179.6;260721;13070000;8
-24,717355;-53,764007;1873.0;6.4;178.8;260721;13071000;9
-24,717603;-53,763938;1863.2;10.0;107.1;260721;13072000;9
-24,717649;-53,763370;1866.5;8.3;91.9;260721;13073000;9
-24,717479;-53,763206;1876.3;8.3;3.0;260721;13074100;7
-24,717149;-53,763126;1848.4;5.4;7.3;260721;13075100;9
-24,716974;-53,763114;1839.9;2.1;350.0;260721;13080100;8
-24,716909;-53,763137;1847.8;0.4;350.0;260721;13081100;9
-24,716814;-53,763130;1859.3;1.3;11.5;260721;13082100;8
-24,716493;-53,763103;1849.1;5.9;0.2;260721;13083200;9
-24,716173;-53,763076;1780.5;8.5;1.9;260721;13084200;7
-24,716091;-53,763092;1790.0;0.2;357.9;260721;13085200;6
-24,716081;-53,763088;1798.2;0.2;357.9;260721;13090200;7
-24,715696;-53,763076;1806.8;7.3;4.4;260721;13091200;8
-24,715600;-53,763092;1815.3;5.5;356.3;260721;13092300;7
-24,715358;-53,763103;1838.9;0.3;0.2;260721;13093300;8
-24,715290;-53,763118;1850.4;2.3;288.5;260721;13094300;9
-24,715309;-53,763122;1860.2;0.4;193.9;260721;13095300;9
-24,715318;-53,763118;1858.3;0.0;193.9;260721;13100300;10
-24,715322;-53,763111;1863.8;0.1;193.9;260721;13101400;9
-24,715316;-53,763107;1869.4;0.0;193.9;260721;13102400;10
-24,715314;-53,763107;1868.4;0.0;193.9;260721;13103400;9
-24,715328;-53,763095;1859.6;0.0;193.9;260721;13104400;9
-24,715333;-53,763092;1856.6;0.1;193.9;260721;13105400;10
-24,715141;-53,763099;1848.4;13.9;357.7;260721;13110500;10
-24,714664;-53,763107;1836.3;0.4;3.2;260721;13111500;9
-24,714654;-53,763092;1831.0;0.3;3.2;260721;13112500;10
-24,714633;-53,763088;1831.0;0.9;3.2;260721;13113500;10
-24,714523;-53,763057;1838.3;0.6;73.0;260721;13114500;9
-24,714363;-53,763053;1823.8;10.5;9.8;260721;13115600;9
-24,714094;-53,762886;1831.0;2.7;95.9;260721;13120600;9
-24,714319;-53,762748;1836.9;11.2;167.6;260721;13121600;10
-24,714857;-53,762622;1837.3;14.5;167.7;260721;13122600;10
-24,715496;-53,762477;1844.2;14.2;167.2;260721;13123600;9
-24,715833;-53,762413;1844.5;6.5;169.4;260721;13124700;8
-24,715906;-53,762413;1852.4;0.2;168.6;260721;13125700;9
-24,715919;-53,762397;1861.5;0.1;168.6;260721;13130700;9
-24,715932;-53,762393;1865.8;0.1;168.6;260721;13131700;10
-24,716016;-53,762371;1858.3;7.4;168.0;260721;13132700;10
-24,716554;-53,762237;1854.3;12.8;169.3;260721;13133800;9
-24,716873;-53,762161;1857.9;0.1;164.9;260721;13134800;10
-24,716884;-53,762165;1856.0;0.1;164.9;260721;13135800;10
-24,717100;-53,762107;1857.0;10.7;168.7;260721;13140800;10
-24,717302;-53,762058;1858.6;0.0;165.4;260721;13141800;9
-24,717308;-53,762035;1869.4;0.0;165.4;260721;13142900;10
-24,717344;-53,762020;1876.6;5.4;163.1;260721;13143900;10
-24,717750;-53,761924;1873.4;9.5;169.6;260721;13144900;10
-24,718414;-53,761791;1869.4;20.6;168.0;260721;13145900;9
-24,719295;-53,761627;1867.1;21.9;170.6;260721;13150900;9
-24,720102;-53,761451;1866.5;19.9;160.1;260721;13152000;10
-24,720945;-53,761184;1873.7;18.6;168.0;260721;13153000;10
-24,721218;-53,761062;1874.0;4.2;119.9;260721;13154000;10
-24,721237;-53,760505;1873.7;19.6;87.6;260721;13155000;9
-24,721530;-53,760177;1857.3;10.2;191.9;260721;13160000;10
-24,721900;-53,759803;1866.5;19.5;91.1;260721;13161100;10
-24,721954;-53,758823;1872.0;22.7;90.3;260721;13162100;8
-24,721965;-53,757766;1870.4;25.5;89.9;260721;13163100;9
-24,721967;-53,756805;1858.9;15.7;85.7;260721;13164100;8
-24,722015;-53,756381;1865.2;2.4;166.9;260721;13165100;10
-24,722259;-53,756439;1842.2;0.9;211.8;260721;13170200;9
-24,722284;-53,756431;1839.9;1.8;211.8;260721;13171200;9
-24,722282;-53,756439;1834.3;0.2;211.8;260721;13172200;9
-24,722291;-53,756450;1800.5;0.1;327.7;260721;13173200;10
-24,722303;-53,756439;1805.8;0.0;327.7;260721;13174200;10
-24,722307;-53,756443;1806.1;0.4;327.7;260721;13175300;9
-24,722309;-53,756446;1802.2;0.2;339.6;260721;13180300;10
-24,722312;-53,756458;1792.7;0.1;339.6;260721;13181300;10
-24,722314;-53,756458;1791.0;0.2;339.6;260721;13182300;10
-24,722314;-53,756458;1789.7;0.2;348.3;260721;13183300;10
-24,722309;-53,756458;1786.4;0.7;348.3;260721;13184400;10
-24,722293;-53,756458;1780.8;0.4;348.3;260721;13185400;10
-24,722297;-53,756446;1778.2;1.2;348.3;260721;13190400;8
-24,722341;-53,756610;1802.8;0.9;271.2;260721;13191400;10
-24,722333;-53,756626;1808.1;0.1;271.2;260721;13192400;9
-24,722320;-53,756629;1806.4;0.3;271.2;260721;13193500;10
-24,722309;-53,756633;1806.8;0.1;271.2;260721;13194500;10
-24,722299;-53,756645;1808.4;0.1;271.2;260721;13195500;10
-24,722297;-53,756652;1808.1;0.1;271.2;260721;13200500;10
-24,722299;-53,756652;1810.7;0.1;271.2;260721;13201500;10
-24,722307;-53,756649;1814.6;0.0;271.2;260721;13202600;10
-24,722320;-53,756645;1814.0;0.1;271.2;260721;13203600;10
-24,722333;-53,756633;1811.4;0.1;271.2;260721;13204600;10
-24,722339;-53,756629;1813.3;0.1;271.2;260721;13205600;10
-24,722339;-53,756629;1815.6;0.0;271.2;260721;13210600;10
-24,722326;-53,756637;1818.9;0.2;271.2;260721;13211700;10
-24,722314;-53,756645;1818.9;0.2;271.2;260721;13212700;10
-24,722309;-53,756649;1821.9;0.0;271.2;260721;13213700;10
-24,722303;-53,756652;1822.2;0.1;271.2;260721;13214700;10
-24,722305;-53,756656;1822.5;0.1;271.2;260721;13215700;10
-24,722305;-53,756664;1823.5;0.0;271.2;260721;13220800;10
-24,722307;-53,756664;1824.8;0.1;271.2;260721;13221800;10
-24,722311;-53,756668;1822.2;0.1;271.2;260721;13222800;9
-24,722305;-53,756671;1820.5;0.0;271.2;260721;13223800;9
-24,722309;-53,756664;1821.9;0.1;271.2;260721;13224800;10
-24,722318;-53,756660;1824.1;0.1;271.2;260721;13225900;10
-24,722326;-53,756664;1827.8;0.1;271.2;260721;13230900;10
-24,722337;-53,756660;1828.7;0.0;271.2;260721;13231900;10
-24,722339;-53,756649;1830.4;0.1;271.2;260721;13232900;10
-24,722337;-53,756641;1836.9;0.0;271.2;260721;13233900;10
-24,722328;-53,756637;1845.1;0.1;271.2;260721;13235000;10
-24,722328;-53,756633;1852.0;0.1;271.2;260721;13240000;10
-24,722328;-53,756626;1861.9;0.0;271.2;260721;13241000;10
-24,722341;-53,756629;1865.8;0.0;271.2;260721;13242000;10
-24,722354;-53,756626;1856.0;0.2;271.2;260721;13243000;10
-24,722356;-53,756622;1846.1;0.1;271.2;260721;13244100;10
-24,722345;-53,756622;1853.3;0.1;271.2;260721;13245100;10
-24,722333;-53,756614;1856.3;0.0;271.2;260721;13250100;10
-24,722326;-53,756610;1854.3;0.1;271.2;260721;13251100;10
-24,722328;-53,756610;1839.9;0.1;271.2;260721;13252100;10
-24,722330;-53,756603;1821.9;0.3;271.2;260721;13253200;10
-24,722328;-53,756599;1813.3;0.1;271.2;260721;13254200;10
-24,722320;-53,756595;1804.1;0.0;271.2;260721;13255200;10
-24,722332;-53,756595;1799.9;0.0;271.2;260721;13260200;10
-24,722332;-53,756595;1797.9;0.1;271.2;260721;13261200;10
-24,722333;-53,756591;1797.2;0.0;271.2;260721;13262300;10
-24,722328;-53,756599;1804.8;0.1;271.2;260721;13263300;10
-24,722324;-53,756603;1806.4;0.0;271.2;260721;13264300;10
-24,722324;-53,756599;1804.1;0.0;271.2;260721;13265300;10
-24,722314;-53,756603;1807.7;0.1;271.2;260721;13270300;10
-24,722316;-53,756607;1806.4;0.0;271.2;260721;13271400;9
-24,722314;-53,756607;1803.5;0.0;271.2;260721;13272400;10
-24,722322;-53,756618;1800.9;0.2;271.2;260721;13273400;10
-24,722320;-53,756622;1800.9;0.0;271.2;260721;13274400;9
-24,722320;-53,756629;1802.8;0.0;271.2;260721;13275400;10
-24,722314;-53,756629;1803.1;0.1;271.2;260721;13280500;10
-24,722309;-53,756629;1806.8;0.1;271.2;260721;13281500;10
-24,722309;-53,756637;1814.3;0.1;271.2;260721;13282500;10
-24,722311;-53,756633;1815.9;0.1;271.2;260721;13283500;9
-24,722311;-53,756626;1823.2;0.2;271.2;260721;13284500;10
-24,722309;-53,756626;1829.7;0.2;271.2;260721;13285600;10
-24,722324;-53,756626;1828.7;0.3;271.2;260721;13290600;10
-24,722335;-53,756629;1827.1;0.1;271.2;260721;13291600;10
-24,722345;-53,756629;1830.4;0.0;271.2;260721;13292600;10
-24,722347;-53,756633;1836.9;0.1;271.2;260721;13293600;10
-24,722347;-53,756633;1837.3;0.1;271.2;260721;13294700;9
-24,722345;-53,756641;1838.9;0.2;271.2;260721;13295700;10
-24,722343;-53,756641;1836.3;0.1;271.2;260721;13300700;10
-24,722337;-53,756637;1832.3;0.1;271.2;260721;13301700;10
-24,722333;-53,756633;1834.3;0.1;271.2;260721;13302700;10
-24,722332;-53,756633;1837.6;0.2;271.2;260721;13303800;10
-24,722328;-53,756629;1838.9;0.1;271.2;260721;13304800;10
-24,722333;-53,756629;1839.9;0.1;271.2;260721;13305800;10
-24,722335;-53,756626;1836.0;0.1;271.2;260721;13310800;10
-24,722339;-53,756622;1836.3;0.1;271.2;260721;13311800;10
-24,722351;-53,756618;1844.5;0.2;271.2;260721;13312900;10
-24,722352;-53,756618;1848.4;0.1;271.2;260721;13313900;10
-24,722352;-53,756618;1848.4;0.1;271.2;260721;13314900;10
-24,722349;-53,756626;1853.3;0.2;271.2;260721;13315900;10
-24,722354;-53,756629;1859.6;0.1;271.2;260721;13320900;10
-24,722352;-53,756637;1866.1;0.3;271.2;260721;13322000;10
-24,722349;-53,756637;1872.7;0.3;271.2;260721;13323000;10
-24,722362;-53,756633;1872.4;0.1;271.2;260721;13324000;9
-24,722354;-53,756622;1874.3;0.4;271.2;260721;13325000;10
-24,722339;-53,756622;1876.0;0.1;271.2;260721;13330000;10
-24,722324;-53,756626;1877.0;0.2;271.2;260721;13331100;10
-24,722320;-53,756622;1874.7;0.1;271.2;260721;13332100;10
-24,722324;-53,756618;1872.7;0.2;203.1;260721;13333100;10
-24,722324;-53,756629;1876.3;0.1;203.1;260721;13334100;9
-24,722328;-53,756637;1874.0;0.0;203.1;260721;13335100;10
-24,722328;-53,756633;1866.1;0.6;293.4;260721;13340200;10
-24,722322;-53,756629;1863.5;0.1;293.4;260721;13341200;9
-24,722326;-53,756626;1859.6;0.1;293.4;260721;13342200;9
-24,722333;-53,756629;1854.3;0.5;293.4;260721;13343200;9
-24,722341;-53,756626;1848.1;0.1;293.4;260721;13344200;9
-24,722349;-53,756618;1843.8;0.1;293.4;260721;13345300;9
-24,722347;-53,756614;1839.9;0.5;293.4;260721;13350300;9
-24,722351;-53,756603;1833.0;0.1;293.4;260721;13351300;9
-24,722354;-53,756603;1827.8;0.1;293.4;260721;13352300;9
-24,722364;-53,756614;1829.4;0.3;293.4;260721;13353300;9
-24,722370;-53,756618;1830.4;0.1;293.4;260721;13354400;9
-24,722370;-53,756607;1824.1;0.1;293.4;260721;13355400;8
-24,722364;-53,756618;1833.3;0.3;293.4;260721;13360400;8
-24,722366;-53,756629;1836.6;0.0;293.4;260721;13361400;9
-24,722368;-53,756633;1842.5;0.1;293.4;260721;13362400;9
-24,722364;-53,756645;1851.0;0.1;293.4;260721;13363500;9
-24,722354;-53,756645;1850.7;0.1;293.4;260721;13364500;9
-24,722339;-53,756641;1850.1;0.2;293.4;260721;13365500;9
-24,722326;-53,756641;1849.7;0.3;293.4;260721;13370500;9
-24,722309;-53,756641;1850.1;0.0;293.4;260721;13371500;9
-24,722295;-53,756629;1845.1;0.1;293.4;260721;13372600;9
-24,722286;-53,756626;1840.6;0.0;293.4;260721;13373600;9
-24,722286;-53,756629;1839.6;0.0;293.4;260721;13374600;9
-24,722288;-53,756626;1836.3;0.0;293.4;260721;13375600;8
-24,722278;-53,756629;1833.0;0.3;293.4;260721;13380600;8
-24,722278;-53,756622;1835.0;0.1;293.4;260721;13381700;8
-24,722280;-53,756626;1844.5;0.1;293.4;260721;13382700;8
-24,722278;-53,756633;1851.0;0.3;293.4;260721;13383700;8
-24,722280;-53,756637;1849.7;0.1;293.4;260721;13384700;8
-24,722276;-53,756633;1847.4;0.0;293.4;260721;13385700;8
-24,722269;-53,756645;1845.1;0.3;293.4;260721;13390800;8
-24,722267;-53,756649;1851.0;0.1;293.4;260721;13391800;8
-24,722267;-53,756656;1860.2;0.1;293.4;260721;13392800;8
-24,722269;-53,756652;1858.3;0.0;293.4;260721;13393800;9
-24,722272;-53,756641;1848.1;0.0;293.4;260721;13394800;9
-24,722274;-53,756629;1838.3;0.1;293.4;260721;13395900;9
-24,722267;-53,756626;1833.0;0.2;293.4;260721;13400900;9
-24,722263;-53,756629;1840.9;0.1;293.4;260721;13401900;9
-24,722263;-53,756637;1850.1;0.1;293.4;260721;13402900;9
-24,722261;-53,756637;1849.4;0.1;293.4;260721;13403900;7
-24,722257;-53,756626;1849.4;0.1;293.4;260721;13405000;9
-24,722255;-53,756629;1849.1;0.1;293.4;260721;13410000;9
-24,722253;-53,756629;1842.8;0.0;293.4;260721;13411000;9
-24,722251;-53,756629;1841.9;0.1;293.4;260721;13412000;9
-24,722259;-53,756633;1844.5;0.1;293.4;260721;13413000;9
-24,722261;-53,756633;1844.2;0.0;293.4;260721;13414100;9
-24,722267;-53,756633;1844.5;0.0;293.4;260721;13415100;9
-24,722267;-53,756629;1848.4;0.1;293.4;260721;13420100;8
-24,722269;-53,756629;1849.1;0.1;293.4;260721;13421100;8
-24,722274;-53,756626;1843.2;0.0;293.4;260721;13422100;8
-24,722284;-53,756614;1830.4;0.2;293.4;260721;13423200;9
-24,722290;-53,756614;1828.4;0.0;293.4;260721;13424200;9
-24,722299;-53,756618;1825.5;0.1;293.4;260721;13425200;9
-24,722311;-53,756614;1817.6;0.1;293.4;260721;13430200;9
-24,722322;-53,756614;1817.6;0.1;293.4;260721;13431200;8
-24,722328;-53,756629;1820.2;0.1;293.4;260721;13432300;9
-24,722326;-53,756633;1815.3;0.1;293.4;260721;13433300;9
-24,722328;-53,756633;1811.4;0.1;293.4;260721;13434300;9
-24,722332;-53,756637;1803.1;0.1;293.4;260721;13435300;9
-24,722339;-53,756641;1798.2;0.1;293.4;260721;13440300;9
-24,722349;-53,756649;1803.5;0.0;293.4;260721;13441400;9
-24,722349;-53,756645;1814.3;0.0;293.4;260721;13442400;9
-24,722337;-53,756652;1818.6;0.1;293.4;260721;13443400;9
-24,722330;-53,756652;1821.2;0.0;293.4;260721;13444400;9
-24,722324;-53,756652;1817.6;0.0;293.4;260721;13445400;9
-24,722322;-53,756652;1812.7;0.7;293.4;260721;13450500;9
-24,722320;-53,756649;1815.0;0.1;293.4;260721;13451500;8
-24,722324;-53,756649;1813.6;0.0;293.4;260721;13452500;9
-24,722324;-53,756656;1813.0;0.5;293.4;260721;13453500;9
-24,722318;-53,756668;1819.6;0.3;293.4;260721;13454500;9
-24,722305;-53,756671;1828.4;0.7;293.4;260721;13455600;9
-24,722301;-53,756668;1832.0;0.7;293.4;260721;13460600;9
-24,722301;-53,756641;1823.2;0.2;293.4;260721;13461600;8
-24,722295;-53,756637;1824.5;0.1;293.4;260721;13462600;9
-24,722303;-53,756633;1824.5;0.2;293.4;260721;13463600;9
-24,722307;-53,756626;1821.9;0.0;293.4;260721;13464700;9
-24,722305;-53,756629;1823.5;0.1;293.4;260721;13465700;10
-24,722309;-53,756629;1823.8;0.9;293.4;260721;13470700;10
